成员名称,阶级,火炉等级,战力
林知皇,5,28,62421947
破烂王,4,28,50068066
飞翔的企鹅,4,25,13512555
名字不好起,4,30,52004348
南阳躬耕,4,29,49243066
玛卡巴卡666,4,28,45663613
我是丢丢,4,30,98347456
小鱼儿,4,30,78499148
阿米福,4,30,49149542
天师府丶张之维,3,27,39692509
南瓜糕,3,29,54815534
星阳123,3,27,44081624
一路人,3,29,55232298
时间路人,3,28,48249454
习惯性依赖,3,28,48217106
杀天下贼也,3,27,50318845
身在曹营心在汉,3,30,71720330
烟雨渺渺,3,28,49317432
为为的小公举,3,27,50000425
雪糕堡堡,3,26,42451510
疯子东哥,3,28,44233010
零零散散,3,28,41994765
马踏东京,3,28,49923593
二五九七,3,29,52631046
墨翊凛寒,3,27,47892537
林婉儿,3,29,53653980
不是味儿,3,27,45799980
我是传奇,3,28,55061192
流云与飞鸟,3,29,45638575
按摩技师王某,3,28,46119978
爱在星辰,3,28,51205487
农夫与鱼儿,3,28,47958110
月华如水,3,29,45537127
黑色奶粉,3,28,49858350
滚雪球,3,27,43085632
啵霸王,3,28,48350237
青峰剑,3,27,47645067
诸葛大力,3,28,46718333
一杯敬朝阳,3,29,49633907
大灰狼王,3,28,51475251
柚稚丶茜,3,28,50540688
延天帝,3,27,41895397
红牛888,3,28,49988257
王平安,3,27,37887587
煞神888,2,27,40849221
必胜之路,2,26,38868517
浮华背后,2,26,45402479
好多馍馍,2,26,40939798
冬不拉丁,2,27,36524549
遥远的她,2,25,36202752
欢乐就好,2,26,38508159
甘莫念,2,26,40191007
雪域城主,2,28,43476710
微微一笑,2,27,43862789
三国吴哥,2,25,35533224
三里呀,2,26,35803665
御雪颜,2,27,38154500
一心向南,2,28,42964878
美人送我安眠,2,25,41563405
可乐喝可乐666,2,25,25799485
最美少女,2,27,43799724
汉光武帝刘备,2,26,44804995
泥石流,2,26,41322436
彩虹骄阳,2,26,31915252
汝阳王,2,26,34736271
林深不见鹿,2,26,28519471
华夏儿女,1,25,32860347
康康的头号粉丝,1,24,21153998
张月饼,1,25,30345729
落叶依然,1,26,35234333
安幕风尘,1,26,36981590
橘子汽水,1,24,19977136
挽挽1823,1,24,21640649
柠檬小跟班,1,24,20932058
帅帅小能手,1,25,37801021
骉骉骉,1,24,25500910
又熊又不老实,1,24,16911748
主公快来,1,24,26115967
众天山,1,23,20790326
天宗1,1,24,32158777
王者之风姿绰约,1,25,30510514
小小丢1,1,24,19961355
梦入微凉,1,25,26874429
松烟入墨,1,24,26068716
每一次感动,1,22,7212171
夏日繁星,1,25,22093780
葡萄美妞爷盖被,1,22,12342272
执念如影,1,22,15679894
星尘啊,1,24,24207373
勤劳致富,1,25,27646834
淼淼淼,1,22,17246406
名字一号,1,20,8628351
夕阳下的婉儿,1,22,14638554
